index,mid,display_name
0,/m/vc0001,"sid-0001"
1,/m/vc0002,"sid-0002"
2,/m/vc0003,"sid-0003"
3,/m/vc0004,"sid-0004"
4,/m/vc0005,"sid-0005"
5,/m/vc0006,"sid-0006"
6,/m/vc0007,"sid-0007"
7,/m/vc0008,"sid-0008"
8,/m/vc0009,"sid-0009"
9,/m/vc0010,"sid-0010"
10,/m/vc0011,"sid-0011"
11,/m/vc0012,"sid-0012"
12,/m/vc0013,"sid-0013"
13,/m/vc0014,"sid-0014"
14,/m/vc0015,"sid-0015"
15,/m/vc0016,"sid-0016"
16,/m/vc0017,"sid-0017"
17,/m/vc0018,"sid-0018"
18,/m/vc0019,"sid-0019"
19,/m/vc0020,"sid-0020"
20,/m/vc0021,"sid-0021"
21,/m/vc0022,"sid-0022"
22,/m/vc0023,"sid-0023"
23,/m/vc0024,"sid-0024"
24,/m/vc0025,"sid-0025"
25,/m/vc0026,"sid-0026"
26,/m/vc0027,"sid-0027"
27,/m/vc0028,"sid-0028"
28,/m/vc0029,"sid-0029"
29,/m/vc0030,"sid-0030"
30,/m/vc0031,"sid-0031"
31,/m/vc0032,"sid-0032"
32,/m/vc0033,"sid-0033"
33,/m/vc0034,"sid-0034"
34,/m/vc0035,"sid-0035"
35,/m/vc0036,"sid-0036"
36,/m/vc0037,"sid-0037"
37,/m/vc0038,"sid-0038"
38,/m/vc0039,"sid-0039"
39,/m/vc0040,"sid-0040"
40,/m/vc0041,"sid-0041"
41,/m/vc0042,"sid-0042"
42,/m/vc0043,"sid-0043"
43,/m/vc0044,"sid-0044"
44,/m/vc0045,"sid-0045"
45,/m/vc0046,"sid-0046"
46,/m/vc0047,"sid-0047"
47,/m/vc0048,"sid-0048"
48,/m/vc0049,"sid-0049"
49,/m/vc0050,"sid-0050"
50,/m/vc0051,"sid-0051"
51,/m/vc0052,"sid-0052"
52,/m/vc0053,"sid-0053"
53,/m/vc0054,"sid-0054"
54,/m/vc0055,"sid-0055"
55,/m/vc0056,"sid-0056"
56,/m/vc0057,"sid-0057"
57,/m/vc0058,"sid-0058"
58,/m/vc0059,"sid-0059"
59,/m/vc0060,"sid-0060"
60,/m/vc0061,"sid-0061"
61,/m/vc0062,"sid-0062"
62,/m/vc0063,"sid-0063"
63,/m/vc0064,"sid-0064"
64,/m/vc0065,"sid-0065"
65,/m/vc0066,"sid-0066"
66,/m/vc0067,"sid-0067"
67,/m/vc0068,"sid-0068"
68,/m/vc0069,"sid-0069"
69,/m/vc0070,"sid-0070"
70,/m/vc0071,"sid-0071"
71,/m/vc0072,"sid-0072"
72,/m/vc0073,"sid-0073"
73,/m/vc0074,"sid-0074"
74,/m/vc0075,"sid-0075"
75,/m/vc0076,"sid-0076"
76,/m/vc0077,"sid-0077"
77,/m/vc0078,"sid-0078"
78,/m/vc0079,"sid-0079"
79,/m/vc0080,"sid-0080"
80,/m/vc0081,"sid-0081"
81,/m/vc0082,"sid-0082"
82,/m/vc0083,"sid-0083"
83,/m/vc0084,"sid-0084"
84,/m/vc0085,"sid-0085"
85,/m/vc0086,"sid-0086"
86,/m/vc0087,"sid-0087"
87,/m/vc0088,"sid-0088"
88,/m/vc0089,"sid-0089"
89,/m/vc0090,"sid-0090"
90,/m/vc0091,"sid-0091"
91,/m/vc0092,"sid-0092"
92,/m/vc0093,"sid-0093"
93,/m/vc0094,"sid-0094"
94,/m/vc0095,"sid-0095"
95,/m/vc0096,"sid-0096"
96,/m/vc0097,"sid-0097"
97,/m/vc0098,"sid-0098"
98,/m/vc0099,"sid-0099"
99,/m/vc0100,"sid-0100"
100,/m/vc0101,"sid-0101"
101,/m/vc0102,"sid-0102"
102,/m/vc0103,"sid-0103"
103,/m/vc0104,"sid-0104"
104,/m/vc0105,"sid-0105"
105,/m/vc0106,"sid-0106"
106,/m/vc0107,"sid-0107"
107,/m/vc0108,"sid-0108"
108,/m/vc0109,"sid-0109"
109,/m/vc0110,"sid-0110"
110,/m/vc0111,"sid-0111"
111,/m/vc0112,"sid-0112"
112,/m/vc0113,"sid-0113"
113,/m/vc0114,"sid-0114"
114,/m/vc0115,"sid-0115"
115,/m/vc0116,"sid-0116"
116,/m/vc0117,"sid-0117"
117,/m/vc0118,"sid-0118"
118,/m/vc0119,"sid-0119"
119,/m/vc0120,"sid-0120"
120,/m/vc0121,"sid-0121"
121,/m/vc0122,"sid-0122"
122,/m/vc0123,"sid-0123"
123,/m/vc0124,"sid-0124"
124,/m/vc0125,"sid-0125"
125,/m/vc0126,"sid-0126"
126,/m/vc0127,"sid-0127"
127,/m/vc0128,"sid-0128"
128,/m/vc0129,"sid-0129"
129,/m/vc0130,"sid-0130"
130,/m/vc0131,"sid-0131"
131,/m/vc0132,"sid-0132"
132,/m/vc0133,"sid-0133"
133,/m/vc0134,"sid-0134"
134,/m/vc0135,"sid-0135"
135,/m/vc0136,"sid-0136"
136,/m/vc0137,"sid-0137"
137,/m/vc0138,"sid-0138"
138,/m/vc0139,"sid-0139"
139,/m/vc0140,"sid-0140"
140,/m/vc0141,"sid-0141"
141,/m/vc0142,"sid-0142"
142,/m/vc0143,"sid-0143"
143,/m/vc0144,"sid-0144"
144,/m/vc0145,"sid-0145"
145,/m/vc0146,"sid-0146"
146,/m/vc0147,"sid-0147"
147,/m/vc0148,"sid-0148"
148,/m/vc0149,"sid-0149"
149,/m/vc0150,"sid-0150"
150,/m/vc0151,"sid-0151"
151,/m/vc0152,"sid-0152"
152,/m/vc0153,"sid-0153"
153,/m/vc0154,"sid-0154"
154,/m/vc0155,"sid-0155"
155,/m/vc0156,"sid-0156"
156,/m/vc0157,"sid-0157"
157,/m/vc0158,"sid-0158"
158,/m/vc0159,"sid-0159"
159,/m/vc0160,"sid-0160"
160,/m/vc0161,"sid-0161"
161,/m/vc0162,"sid-0162"
162,/m/vc0163,"sid-0163"
163,/m/vc0164,"sid-0164"
164,/m/vc0165,"sid-0165"
165,/m/vc0166,"sid-0166"
166,/m/vc0167,"sid-0167"
167,/m/vc0168,"sid-0168"
168,/m/vc0169,"sid-0169"
169,/m/vc0170,"sid-0170"
170,/m/vc0171,"sid-0171"
171,/m/vc0172,"sid-0172"
172,/m/vc0173,"sid-0173"
173,/m/vc0174,"sid-0174"
174,/m/vc0175,"sid-0175"
175,/m/vc0176,"sid-0176"
176,/m/vc0177,"sid-0177"
177,/m/vc0178,"sid-0178"
178,/m/vc0179,"sid-0179"
179,/m/vc0180,"sid-0180"
180,/m/vc0181,"sid-0181"
181,/m/vc0182,"sid-0182"
182,/m/vc0183,"sid-0183"
183,/m/vc0184,"sid-0184"
184,/m/vc0185,"sid-0185"
185,/m/vc0186,"sid-0186"
186,/m/vc0187,"sid-0187"
187,/m/vc0188,"sid-0188"
188,/m/vc0189,"sid-0189"
189,/m/vc0190,"sid-0190"
190,/m/vc0191,"sid-0191"
191,/m/vc0192,"sid-0192"
192,/m/vc0193,"sid-0193"
193,/m/vc0194,"sid-0194"
194,/m/vc0195,"sid-0195"
195,/m/vc0196,"sid-0196"
196,/m/vc0197,"sid-0197"
197,/m/vc0198,"sid-0198"
198,/m/vc0199,"sid-0199"
199,/m/vc0200,"sid-0200"
200,/m/vc0201,"sid-0201"
201,/m/vc0202,"sid-0202"
202,/m/vc0203,"sid-0203"
203,/m/vc0204,"sid-0204"
204,/m/vc0205,"sid-0205"
205,/m/vc0206,"sid-0206"
206,/m/vc0207,"sid-0207"
207,/m/vc0208,"sid-0208"
208,/m/vc0209,"sid-0209"
209,/m/vc0210,"sid-0210"
210,/m/vc0211,"sid-0211"
211,/m/vc0212,"sid-0212"
212,/m/vc0213,"sid-0213"
213,/m/vc0214,"sid-0214"
214,/m/vc0215,"sid-0215"
215,/m/vc0216,"sid-0216"
216,/m/vc0217,"sid-0217"
217,/m/vc0218,"sid-0218"
218,/m/vc0219,"sid-0219"
219,/m/vc0220,"sid-0220"
220,/m/vc0221,"sid-0221"
221,/m/vc0222,"sid-0222"
222,/m/vc0223,"sid-0223"
223,/m/vc0224,"sid-0224"
224,/m/vc0225,"sid-0225"
225,/m/vc0226,"sid-0226"
226,/m/vc0227,"sid-0227"
227,/m/vc0228,"sid-0228"
228,/m/vc0229,"sid-0229"
229,/m/vc0230,"sid-0230"
230,/m/vc0231,"sid-0231"
231,/m/vc0232,"sid-0232"
232,/m/vc0233,"sid-0233"
233,/m/vc0234,"sid-0234"
234,/m/vc0235,"sid-0235"
235,/m/vc0236,"sid-0236"
236,/m/vc0237,"sid-0237"
237,/m/vc0238,"sid-0238"
238,/m/vc0239,"sid-0239"
239,/m/vc0240,"sid-0240"
240,/m/vc0241,"sid-0241"
241,/m/vc0242,"sid-0242"
242,/m/vc0243,"sid-0243"
243,/m/vc0244,"sid-0244"
244,/m/vc0245,"sid-0245"
245,/m/vc0246,"sid-0246"
246,/m/vc0247,"sid-0247"
247,/m/vc0248,"sid-0248"
248,/m/vc0249,"sid-0249"
249,/m/vc0250,"sid-0250"
250,/m/vc0251,"sid-0251"
251,/m/vc0252,"sid-0252"
252,/m/vc0253,"sid-0253"
253,/m/vc0254,"sid-0254"
254,/m/vc0255,"sid-0255"
255,/m/vc0256,"sid-0256"
256,/m/vc0257,"sid-0257"
257,/m/vc0258,"sid-0258"
258,/m/vc0259,"sid-0259"
259,/m/vc0260,"sid-0260"
260,/m/vc0261,"sid-0261"
261,/m/vc0262,"sid-0262"
262,/m/vc0263,"sid-0263"
263,/m/vc0264,"sid-0264"
264,/m/vc0265,"sid-0265"
265,/m/vc0266,"sid-0266"
266,/m/vc0267,"sid-0267"
267,/m/vc0268,"sid-0268"
268,/m/vc0269,"sid-0269"
269,/m/vc0270,"sid-0270"
270,/m/vc0271,"sid-0271"
271,/m/vc0272,"sid-0272"
272,/m/vc0273,"sid-0273"
273,/m/vc0274,"sid-0274"
274,/m/vc0275,"sid-0275"
275,/m/vc0276,"sid-0276"
276,/m/vc0277,"sid-0277"
277,/m/vc0278,"sid-0278"
278,/m/vc0279,"sid-0279"
279,/m/vc0280,"sid-0280"
280,/m/vc0281,"sid-0281"
281,/m/vc0282,"sid-0282"
282,/m/vc0283,"sid-0283"
283,/m/vc0284,"sid-0284"
284,/m/vc0285,"sid-0285"
285,/m/vc0286,"sid-0286"
286,/m/vc0287,"sid-0287"
287,/m/vc0288,"sid-0288"
288,/m/vc0289,"sid-0289"
289,/m/vc0290,"sid-0290"
290,/m/vc0291,"sid-0291"
291,/m/vc0292,"sid-0292"
292,/m/vc0293,"sid-0293"
293,/m/vc0294,"sid-0294"
294,/m/vc0295,"sid-0295"
295,/m/vc0296,"sid-0296"
296,/m/vc0297,"sid-0297"
297,/m/vc0298,"sid-0298"
298,/m/vc0299,"sid-0299"
299,/m/vc0300,"sid-0300"
300,/m/vc0301,"sid-0301"
301,/m/vc0302,"sid-0302"
302,/m/vc0303,"sid-0303"
303,/m/vc0304,"sid-0304"
304,/m/vc0305,"sid-0305"
305,/m/vc0306,"sid-0306"
306,/m/vc0307,"sid-0307"
307,/m/vc0308,"sid-0308"
308,/m/vc0309,"sid-0309"
309,/m/vc0310,"sid-0310"
310,/m/vc0311,"sid-0311"
311,/m/vc0312,"sid-0312"
312,/m/vc0313,"sid-0313"
313,/m/vc0314,"sid-0314"
314,/m/vc0315,"sid-0315"
315,/m/vc0316,"sid-0316"
316,/m/vc0317,"sid-0317"
317,/m/vc0318,"sid-0318"
318,/m/vc0319,"sid-0319"
319,/m/vc0320,"sid-0320"
320,/m/vc0321,"sid-0321"
321,/m/vc0322,"sid-0322"
322,/m/vc0323,"sid-0323"
323,/m/vc0324,"sid-0324"
324,/m/vc0325,"sid-0325"
325,/m/vc0326,"sid-0326"
326,/m/vc0327,"sid-0327"
327,/m/vc0328,"sid-0328"
328,/m/vc0329,"sid-0329"
329,/m/vc0330,"sid-0330"
330,/m/vc0331,"sid-0331"
331,/m/vc0332,"sid-0332"
332,/m/vc0333,"sid-0333"
333,/m/vc0334,"sid-0334"
334,/m/vc0335,"sid-0335"
335,/m/vc0336,"sid-0336"
336,/m/vc0337,"sid-0337"
337,/m/vc0338,"sid-0338"
338,/m/vc0339,"sid-0339"
339,/m/vc0340,"sid-0340"
340,/m/vc0341,"sid-0341"
341,/m/vc0342,"sid-0342"
342,/m/vc0343,"sid-0343"
343,/m/vc0344,"sid-0344"
344,/m/vc0345,"sid-0345"
345,/m/vc0346,"sid-0346"
346,/m/vc0347,"sid-0347"
347,/m/vc0348,"sid-0348"
348,/m/vc0349,"sid-0349"
349,/m/vc0350,"sid-0350"
350,/m/vc0351,"sid-0351"
351,/m/vc0352,"sid-0352"
352,/m/vc0353,"sid-0353"
353,/m/vc0354,"sid-0354"
354,/m/vc0355,"sid-0355"
355,/m/vc0356,"sid-0356"
356,/m/vc0357,"sid-0357"
357,/m/vc0358,"sid-0358"
358,/m/vc0359,"sid-0359"
359,/m/vc0360,"sid-0360"
360,/m/vc0361,"sid-0361"
361,/m/vc0362,"sid-0362"
362,/m/vc0363,"sid-0363"
363,/m/vc0364,"sid-0364"
364,/m/vc0365,"sid-0365"
365,/m/vc0366,"sid-0366"
366,/m/vc0367,"sid-0367"
367,/m/vc0368,"sid-0368"
368,/m/vc0369,"sid-0369"
369,/m/vc0370,"sid-0370"
370,/m/vc0371,"sid-0371"
371,/m/vc0372,"sid-0372"
372,/m/vc0373,"sid-0373"
373,/m/vc0374,"sid-0374"
374,/m/vc0375,"sid-0375"
375,/m/vc0376,"sid-0376"
376,/m/vc0377,"sid-0377"
377,/m/vc0378,"sid-0378"
378,/m/vc0379,"sid-0379"
379,/m/vc0380,"sid-0380"
380,/m/vc0381,"sid-0381"
381,/m/vc0382,"sid-0382"
382,/m/vc0383,"sid-0383"
383,/m/vc0384,"sid-0384"
384,/m/vc0385,"sid-0385"
385,/m/vc0386,"sid-0386"
386,/m/vc0387,"sid-0387"
387,/m/vc0388,"sid-0388"
388,/m/vc0389,"sid-0389"
389,/m/vc0390,"sid-0390"
390,/m/vc0391,"sid-0391"
391,/m/vc0392,"sid-0392"
392,/m/vc0393,"sid-0393"
393,/m/vc0394,"sid-0394"
394,/m/vc0395,"sid-0395"
395,/m/vc0396,"sid-0396"
396,/m/vc0397,"sid-0397"
397,/m/vc0398,"sid-0398"
398,/m/vc0399,"sid-0399"
399,/m/vc0400,"sid-0400"
400,/m/vc0401,"sid-0401"
401,/m/vc0402,"sid-0402"
402,/m/vc0403,"sid-0403"
403,/m/vc0404,"sid-0404"
404,/m/vc0405,"sid-0405"
405,/m/vc0406,"sid-0406"
406,/m/vc0407,"sid-0407"
407,/m/vc0408,"sid-0408"
408,/m/vc0409,"sid-0409"
409,/m/vc0410,"sid-0410"
410,/m/vc0411,"sid-0411"
411,/m/vc0412,"sid-0412"
412,/m/vc0413,"sid-0413"
413,/m/vc0414,"sid-0414"
414,/m/vc0415,"sid-0415"
415,/m/vc0416,"sid-0416"
416,/m/vc0417,"sid-0417"
417,/m/vc0418,"sid-0418"
418,/m/vc0419,"sid-0419"
419,/m/vc0420,"sid-0420"
420,/m/vc0421,"sid-0421"
421,/m/vc0422,"sid-0422"
422,/m/vc0423,"sid-0423"
423,/m/vc0424,"sid-0424"
424,/m/vc0425,"sid-0425"
425,/m/vc0426,"sid-0426"
426,/m/vc0427,"sid-0427"
427,/m/vc0428,"sid-0428"
428,/m/vc0429,"sid-0429"
429,/m/vc0430,"sid-0430"
430,/m/vc0431,"sid-0431"
431,/m/vc0432,"sid-0432"
432,/m/vc0433,"sid-0433"
433,/m/vc0434,"sid-0434"
434,/m/vc0435,"sid-0435"
435,/m/vc0436,"sid-0436"
436,/m/vc0437,"sid-0437"
437,/m/vc0438,"sid-0438"
438,/m/vc0439,"sid-0439"
439,/m/vc0440,"sid-0440"
440,/m/vc0441,"sid-0441"
441,/m/vc0442,"sid-0442"
442,/m/vc0443,"sid-0443"
443,/m/vc0444,"sid-0444"
444,/m/vc0445,"sid-0445"
445,/m/vc0446,"sid-0446"
446,/m/vc0447,"sid-0447"
447,/m/vc0448,"sid-0448"
448,/m/vc0449,"sid-0449"
449,/m/vc0450,"sid-0450"
450,/m/vc0451,"sid-0451"
451,/m/vc0452,"sid-0452"
452,/m/vc0453,"sid-0453"
453,/m/vc0454,"sid-0454"
454,/m/vc0455,"sid-0455"
455,/m/vc0456,"sid-0456"
456,/m/vc0457,"sid-0457"
457,/m/vc0458,"sid-0458"
458,/m/vc0459,"sid-0459"
459,/m/vc0460,"sid-0460"
460,/m/vc0461,"sid-0461"
461,/m/vc0462,"sid-0462"
462,/m/vc0463,"sid-0463"
463,/m/vc0464,"sid-0464"
464,/m/vc0465,"sid-0465"
465,/m/vc0466,"sid-0466"
466,/m/vc0467,"sid-0467"
467,/m/vc0468,"sid-0468"
468,/m/vc0469,"sid-0469"
469,/m/vc0470,"sid-0470"
470,/m/vc0471,"sid-0471"
471,/m/vc0472,"sid-0472"
472,/m/vc0473,"sid-0473"
473,/m/vc0474,"sid-0474"
474,/m/vc0475,"sid-0475"
475,/m/vc0476,"sid-0476"
476,/m/vc0477,"sid-0477"
477,/m/vc0478,"sid-0478"
478,/m/vc0479,"sid-0479"
479,/m/vc0480,"sid-0480"
480,/m/vc0481,"sid-0481"
481,/m/vc0482,"sid-0482"
482,/m/vc0483,"sid-0483"
483,/m/vc0484,"sid-0484"
484,/m/vc0485,"sid-0485"
485,/m/vc0486,"sid-0486"
486,/m/vc0487,"sid-0487"
487,/m/vc0488,"sid-0488"
488,/m/vc0489,"sid-0489"
489,/m/vc0490,"sid-0490"
490,/m/vc0491,"sid-0491"
491,/m/vc0492,"sid-0492"
492,/m/vc0493,"sid-0493"
493,/m/vc0494,"sid-0494"
494,/m/vc0495,"sid-0495"
495,/m/vc0496,"sid-0496"
496,/m/vc0497,"sid-0497"
497,/m/vc0498,"sid-0498"
498,/m/vc0499,"sid-0499"
499,/m/vc0500,"sid-0500"
500,/m/vc0501,"sid-0501"
501,/m/vc0502,"sid-0502"
502,/m/vc0503,"sid-0503"
503,/m/vc0504,"sid-0504"
504,/m/vc0505,"sid-0505"
505,/m/vc0506,"sid-0506"
506,/m/vc0507,"sid-0507"
507,/m/vc0508,"sid-0508"
508,/m/vc0509,"sid-0509"
509,/m/vc0510,"sid-0510"
510,/m/vc0511,"sid-0511"
511,/m/vc0512,"sid-0512"
512,/m/vc0513,"sid-0513"
513,/m/vc0514,"sid-0514"
514,/m/vc0515,"sid-0515"
515,/m/vc0516,"sid-0516"
516,/m/vc0517,"sid-0517"
517,/m/vc0518,"sid-0518"
518,/m/vc0519,"sid-0519"
519,/m/vc0520,"sid-0520"
520,/m/vc0521,"sid-0521"
521,/m/vc0522,"sid-0522"
522,/m/vc0523,"sid-0523"
523,/m/vc0524,"sid-0524"
524,/m/vc0525,"sid-0525"
525,/m/vc0526,"sid-0526"
526,/m/vc0527,"sid-0527"
527,/m/vc0528,"sid-0528"
528,/m/vc0529,"sid-0529"
529,/m/vc0530,"sid-0530"
530,/m/vc0531,"sid-0531"
531,/m/vc0532,"sid-0532"
532,/m/vc0533,"sid-0533"
533,/m/vc0534,"sid-0534"
534,/m/vc0535,"sid-0535"
535,/m/vc0536,"sid-0536"
536,/m/vc0537,"sid-0537"
537,/m/vc0538,"sid-0538"
538,/m/vc0539,"sid-0539"
539,/m/vc0540,"sid-0540"
540,/m/vc0541,"sid-0541"
541,/m/vc0542,"sid-0542"
542,/m/vc0543,"sid-0543"
543,/m/vc0544,"sid-0544"
544,/m/vc0545,"sid-0545"
545,/m/vc0546,"sid-0546"
546,/m/vc0547,"sid-0547"
547,/m/vc0548,"sid-0548"
548,/m/vc0549,"sid-0549"
549,/m/vc0550,"sid-0550"
550,/m/vc0551,"sid-0551"
551,/m/vc0552,"sid-0552"
552,/m/vc0553,"sid-0553"
553,/m/vc0554,"sid-0554"
554,/m/vc0555,"sid-0555"
555,/m/vc0556,"sid-0556"
556,/m/vc0557,"sid-0557"
557,/m/vc0558,"sid-0558"
558,/m/vc0559,"sid-0559"
559,/m/vc0560,"sid-0560"
560,/m/vc0561,"sid-0561"
561,/m/vc0562,"sid-0562"
562,/m/vc0563,"sid-0563"
563,/m/vc0564,"sid-0564"
564,/m/vc0565,"sid-0565"
565,/m/vc0566,"sid-0566"
566,/m/vc0567,"sid-0567"
567,/m/vc0568,"sid-0568"
568,/m/vc0569,"sid-0569"
569,/m/vc0570,"sid-0570"
570,/m/vc0571,"sid-0571"
571,/m/vc0572,"sid-0572"
572,/m/vc0573,"sid-0573"
573,/m/vc0574,"sid-0574"
574,/m/vc0575,"sid-0575"
575,/m/vc0576,"sid-0576"
576,/m/vc0577,"sid-0577"
577,/m/vc0578,"sid-0578"
578,/m/vc0579,"sid-0579"
579,/m/vc0580,"sid-0580"
580,/m/vc0581,"sid-0581"
581,/m/vc0582,"sid-0582"
582,/m/vc0583,"sid-0583"
583,/m/vc0584,"sid-0584"
584,/m/vc0585,"sid-0585"
585,/m/vc0586,"sid-0586"
586,/m/vc0587,"sid-0587"
587,/m/vc0588,"sid-0588"
588,/m/vc0589,"sid-0589"
589,/m/vc0590,"sid-0590"
590,/m/vc0591,"sid-0591"
591,/m/vc0592,"sid-0592"
592,/m/vc0593,"sid-0593"
593,/m/vc0594,"sid-0594"
594,/m/vc0595,"sid-0595"
595,/m/vc0596,"sid-0596"
596,/m/vc0597,"sid-0597"
597,/m/vc0598,"sid-0598"
598,/m/vc0599,"sid-0599"
599,/m/vc0600,"sid-0600"
600,/m/vc0601,"sid-0601"
601,/m/vc0602,"sid-0602"
602,/m/vc0603,"sid-0603"
603,/m/vc0604,"sid-0604"
604,/m/vc0605,"sid-0605"
605,/m/vc0606,"sid-0606"
606,/m/vc0607,"sid-0607"
607,/m/vc0608,"sid-0608"
608,/m/vc0609,"sid-0609"
609,/m/vc0610,"sid-0610"
610,/m/vc0611,"sid-0611"
611,/m/vc0612,"sid-0612"
612,/m/vc0613,"sid-0613"
613,/m/vc0614,"sid-0614"
614,/m/vc0615,"sid-0615"
615,/m/vc0616,"sid-0616"
616,/m/vc0617,"sid-0617"
617,/m/vc0618,"sid-0618"
618,/m/vc0619,"sid-0619"
619,/m/vc0620,"sid-0620"
620,/m/vc0621,"sid-0621"
621,/m/vc0622,"sid-0622"
622,/m/vc0623,"sid-0623"
623,/m/vc0624,"sid-0624"
624,/m/vc0625,"sid-0625"
625,/m/vc0626,"sid-0626"
626,/m/vc0627,"sid-0627"
627,/m/vc0628,"sid-0628"
628,/m/vc0629,"sid-0629"
629,/m/vc0630,"sid-0630"
630,/m/vc0631,"sid-0631"
631,/m/vc0632,"sid-0632"
632,/m/vc0633,"sid-0633"
633,/m/vc0634,"sid-0634"
634,/m/vc0635,"sid-0635"
635,/m/vc0636,"sid-0636"
636,/m/vc0637,"sid-0637"
637,/m/vc0638,"sid-0638"
638,/m/vc0639,"sid-0639"
639,/m/vc0640,"sid-0640"
640,/m/vc0641,"sid-0641"
641,/m/vc0642,"sid-0642"
642,/m/vc0643,"sid-0643"
643,/m/vc0644,"sid-0644"
644,/m/vc0645,"sid-0645"
645,/m/vc0646,"sid-0646"
646,/m/vc0647,"sid-0647"
647,/m/vc0648,"sid-0648"
648,/m/vc0649,"sid-0649"
649,/m/vc0650,"sid-0650"
650,/m/vc0651,"sid-0651"
651,/m/vc0652,"sid-0652"
652,/m/vc0653,"sid-0653"
653,/m/vc0654,"sid-0654"
654,/m/vc0655,"sid-0655"
655,/m/vc0656,"sid-0656"
656,/m/vc0657,"sid-0657"
657,/m/vc0658,"sid-0658"
658,/m/vc0659,"sid-0659"
659,/m/vc0660,"sid-0660"
660,/m/vc0661,"sid-0661"
661,/m/vc0662,"sid-0662"
662,/m/vc0663,"sid-0663"
663,/m/vc0664,"sid-0664"
664,/m/vc0665,"sid-0665"
665,/m/vc0666,"sid-0666"
666,/m/vc0667,"sid-0667"
667,/m/vc0668,"sid-0668"
668,/m/vc0669,"sid-0669"
669,/m/vc0670,"sid-0670"
670,/m/vc0671,"sid-0671"
671,/m/vc0672,"sid-0672"
672,/m/vc0673,"sid-0673"
673,/m/vc0674,"sid-0674"
674,/m/vc0675,"sid-0675"
675,/m/vc0676,"sid-0676"
676,/m/vc0677,"sid-0677"
677,/m/vc0678,"sid-0678"
678,/m/vc0679,"sid-0679"
679,/m/vc0680,"sid-0680"
680,/m/vc0681,"sid-0681"
681,/m/vc0682,"sid-0682"
682,/m/vc0683,"sid-0683"
683,/m/vc0684,"sid-0684"
684,/m/vc0685,"sid-0685"
685,/m/vc0686,"sid-0686"
686,/m/vc0687,"sid-0687"
687,/m/vc0688,"sid-0688"
688,/m/vc0689,"sid-0689"
689,/m/vc0690,"sid-0690"
690,/m/vc0691,"sid-0691"
691,/m/vc0692,"sid-0692"
692,/m/vc0693,"sid-0693"
693,/m/vc0694,"sid-0694"
694,/m/vc0695,"sid-0695"
695,/m/vc0696,"sid-0696"
696,/m/vc0697,"sid-0697"
697,/m/vc0698,"sid-0698"
698,/m/vc0699,"sid-0699"
699,/m/vc0700,"sid-0700"
700,/m/vc0701,"sid-0701"
701,/m/vc0702,"sid-0702"
702,/m/vc0703,"sid-0703"
703,/m/vc0704,"sid-0704"
704,/m/vc0705,"sid-0705"
705,/m/vc0706,"sid-0706"
706,/m/vc0707,"sid-0707"
707,/m/vc0708,"sid-0708"
708,/m/vc0709,"sid-0709"
709,/m/vc0710,"sid-0710"
710,/m/vc0711,"sid-0711"
711,/m/vc0712,"sid-0712"
712,/m/vc0713,"sid-0713"
713,/m/vc0714,"sid-0714"
714,/m/vc0715,"sid-0715"
715,/m/vc0716,"sid-0716"
716,/m/vc0717,"sid-0717"
717,/m/vc0718,"sid-0718"
718,/m/vc0719,"sid-0719"
719,/m/vc0720,"sid-0720"
720,/m/vc0721,"sid-0721"
721,/m/vc0722,"sid-0722"
722,/m/vc0723,"sid-0723"
723,/m/vc0724,"sid-0724"
724,/m/vc0725,"sid-0725"
725,/m/vc0726,"sid-0726"
726,/m/vc0727,"sid-0727"
727,/m/vc0728,"sid-0728"
728,/m/vc0729,"sid-0729"
729,/m/vc0730,"sid-0730"
730,/m/vc0731,"sid-0731"
731,/m/vc0732,"sid-0732"
732,/m/vc0733,"sid-0733"
733,/m/vc0734,"sid-0734"
734,/m/vc0735,"sid-0735"
735,/m/vc0736,"sid-0736"
736,/m/vc0737,"sid-0737"
737,/m/vc0738,"sid-0738"
738,/m/vc0739,"sid-0739"
739,/m/vc0740,"sid-0740"
740,/m/vc0741,"sid-0741"
741,/m/vc0742,"sid-0742"
742,/m/vc0743,"sid-0743"
743,/m/vc0744,"sid-0744"
744,/m/vc0745,"sid-0745"
745,/m/vc0746,"sid-0746"
746,/m/vc0747,"sid-0747"
747,/m/vc0748,"sid-0748"
748,/m/vc0749,"sid-0749"
749,/m/vc0750,"sid-0750"
750,/m/vc0751,"sid-0751"
751,/m/vc0752,"sid-0752"
752,/m/vc0753,"sid-0753"
753,/m/vc0754,"sid-0754"
754,/m/vc0755,"sid-0755"
755,/m/vc0756,"sid-0756"
756,/m/vc0757,"sid-0757"
757,/m/vc0758,"sid-0758"
758,/m/vc0759,"sid-0759"
759,/m/vc0760,"sid-0760"
760,/m/vc0761,"sid-0761"
761,/m/vc0762,"sid-0762"
762,/m/vc0763,"sid-0763"
763,/m/vc0764,"sid-0764"
764,/m/vc0765,"sid-0765"
765,/m/vc0766,"sid-0766"
766,/m/vc0767,"sid-0767"
767,/m/vc0768,"sid-0768"
768,/m/vc0769,"sid-0769"
769,/m/vc0770,"sid-0770"
770,/m/vc0771,"sid-0771"
771,/m/vc0772,"sid-0772"
772,/m/vc0773,"sid-0773"
773,/m/vc0774,"sid-0774"
774,/m/vc0775,"sid-0775"
775,/m/vc0776,"sid-0776"
776,/m/vc0777,"sid-0777"
777,/m/vc0778,"sid-0778"
778,/m/vc0779,"sid-0779"
779,/m/vc0780,"sid-0780"
780,/m/vc0781,"sid-0781"
781,/m/vc0782,"sid-0782"
782,/m/vc0783,"sid-0783"
783,/m/vc0784,"sid-0784"
784,/m/vc0785,"sid-0785"
785,/m/vc0786,"sid-0786"
786,/m/vc0787,"sid-0787"
787,/m/vc0788,"sid-0788"
788,/m/vc0789,"sid-0789"
789,/m/vc0790,"sid-0790"
790,/m/vc0791,"sid-0791"
791,/m/vc0792,"sid-0792"
792,/m/vc0793,"sid-0793"
793,/m/vc0794,"sid-0794"
794,/m/vc0795,"sid-0795"
795,/m/vc0796,"sid-0796"
796,/m/vc0797,"sid-0797"
797,/m/vc0798,"sid-0798"
798,/m/vc0799,"sid-0799"
799,/m/vc0800,"sid-0800"
800,/m/vc0801,"sid-0801"
801,/m/vc0802,"sid-0802"
802,/m/vc0803,"sid-0803"
803,/m/vc0804,"sid-0804"
804,/m/vc0805,"sid-0805"
805,/m/vc0806,"sid-0806"
806,/m/vc0807,"sid-0807"
807,/m/vc0808,"sid-0808"
808,/m/vc0809,"sid-0809"
809,/m/vc0810,"sid-0810"
810,/m/vc0811,"sid-0811"
811,/m/vc0812,"sid-0812"
812,/m/vc0813,"sid-0813"
813,/m/vc0814,"sid-0814"
814,/m/vc0815,"sid-0815"
815,/m/vc0816,"sid-0816"
816,/m/vc0817,"sid-0817"
817,/m/vc0818,"sid-0818"
818,/m/vc0819,"sid-0819"
819,/m/vc0820,"sid-0820"
820,/m/vc0821,"sid-0821"
821,/m/vc0822,"sid-0822"
822,/m/vc0823,"sid-0823"
823,/m/vc0824,"sid-0824"
824,/m/vc0825,"sid-0825"
825,/m/vc0826,"sid-0826"
826,/m/vc0827,"sid-0827"
827,/m/vc0828,"sid-0828"
828,/m/vc0829,"sid-0829"
829,/m/vc0830,"sid-0830"
830,/m/vc0831,"sid-0831"
831,/m/vc0832,"sid-0832"
832,/m/vc0833,"sid-0833"
833,/m/vc0834,"sid-0834"
834,/m/vc0835,"sid-0835"
835,/m/vc0836,"sid-0836"
836,/m/vc0837,"sid-0837"
837,/m/vc0838,"sid-0838"
838,/m/vc0839,"sid-0839"
839,/m/vc0840,"sid-0840"
840,/m/vc0841,"sid-0841"
841,/m/vc0842,"sid-0842"
842,/m/vc0843,"sid-0843"
843,/m/vc0844,"sid-0844"
844,/m/vc0845,"sid-0845"
845,/m/vc0846,"sid-0846"
846,/m/vc0847,"sid-0847"
847,/m/vc0848,"sid-0848"
848,/m/vc0849,"sid-0849"
849,/m/vc0850,"sid-0850"
850,/m/vc0851,"sid-0851"
851,/m/vc0852,"sid-0852"
852,/m/vc0853,"sid-0853"
853,/m/vc0854,"sid-0854"
854,/m/vc0855,"sid-0855"
855,/m/vc0856,"sid-0856"
856,/m/vc0857,"sid-0857"
857,/m/vc0858,"sid-0858"
858,/m/vc0859,"sid-0859"
859,/m/vc0860,"sid-0860"
860,/m/vc0861,"sid-0861"
861,/m/vc0862,"sid-0862"
862,/m/vc0863,"sid-0863"
863,/m/vc0864,"sid-0864"
864,/m/vc0865,"sid-0865"
865,/m/vc0866,"sid-0866"
866,/m/vc0867,"sid-0867"
867,/m/vc0868,"sid-0868"
868,/m/vc0869,"sid-0869"
869,/m/vc0870,"sid-0870"
870,/m/vc0871,"sid-0871"
871,/m/vc0872,"sid-0872"
872,/m/vc0873,"sid-0873"
873,/m/vc0874,"sid-0874"
874,/m/vc0875,"sid-0875"
875,/m/vc0876,"sid-0876"
876,/m/vc0877,"sid-0877"
877,/m/vc0878,"sid-0878"
878,/m/vc0879,"sid-0879"
879,/m/vc0880,"sid-0880"
880,/m/vc0881,"sid-0881"
881,/m/vc0882,"sid-0882"
882,/m/vc0883,"sid-0883"
883,/m/vc0884,"sid-0884"
884,/m/vc0885,"sid-0885"
885,/m/vc0886,"sid-0886"
886,/m/vc0887,"sid-0887"
887,/m/vc0888,"sid-0888"
888,/m/vc0889,"sid-0889"
889,/m/vc0890,"sid-0890"
890,/m/vc0891,"sid-0891"
891,/m/vc0892,"sid-0892"
892,/m/vc0893,"sid-0893"
893,/m/vc0894,"sid-0894"
894,/m/vc0895,"sid-0895"
895,/m/vc0896,"sid-0896"
896,/m/vc0897,"sid-0897"
897,/m/vc0898,"sid-0898"
898,/m/vc0899,"sid-0899"
899,/m/vc0900,"sid-0900"
900,/m/vc0901,"sid-0901"
901,/m/vc0902,"sid-0902"
902,/m/vc0903,"sid-0903"
903,/m/vc0904,"sid-0904"
904,/m/vc0905,"sid-0905"
905,/m/vc0906,"sid-0906"
906,/m/vc0907,"sid-0907"
907,/m/vc0908,"sid-0908"
908,/m/vc0909,"sid-0909"
909,/m/vc0910,"sid-0910"
910,/m/vc0911,"sid-0911"
911,/m/vc0912,"sid-0912"
912,/m/vc0913,"sid-0913"
913,/m/vc0914,"sid-0914"
914,/m/vc0915,"sid-0915"
915,/m/vc0916,"sid-0916"
916,/m/vc0917,"sid-0917"
917,/m/vc0918,"sid-0918"
918,/m/vc0919,"sid-0919"
919,/m/vc0920,"sid-0920"
920,/m/vc0921,"sid-0921"
921,/m/vc0922,"sid-0922"
922,/m/vc0923,"sid-0923"
923,/m/vc0924,"sid-0924"
924,/m/vc0925,"sid-0925"
925,/m/vc0926,"sid-0926"
926,/m/vc0927,"sid-0927"
927,/m/vc0928,"sid-0928"
928,/m/vc0929,"sid-0929"
929,/m/vc0930,"sid-0930"
930,/m/vc0931,"sid-0931"
931,/m/vc0932,"sid-0932"
932,/m/vc0933,"sid-0933"
933,/m/vc0934,"sid-0934"
934,/m/vc0935,"sid-0935"
935,/m/vc0936,"sid-0936"
936,/m/vc0937,"sid-0937"
937,/m/vc0938,"sid-0938"
938,/m/vc0939,"sid-0939"
939,/m/vc0940,"sid-0940"
940,/m/vc0941,"sid-0941"
941,/m/vc0942,"sid-0942"
942,/m/vc0943,"sid-0943"
943,/m/vc0944,"sid-0944"
944,/m/vc0945,"sid-0945"
945,/m/vc0946,"sid-0946"
946,/m/vc0947,"sid-0947"
947,/m/vc0948,"sid-0948"
948,/m/vc0949,"sid-0949"
949,/m/vc0950,"sid-0950"
950,/m/vc0951,"sid-0951"
951,/m/vc0952,"sid-0952"
952,/m/vc0953,"sid-0953"
953,/m/vc0954,"sid-0954"
954,/m/vc0955,"sid-0955"
955,/m/vc0956,"sid-0956"
956,/m/vc0957,"sid-0957"
957,/m/vc0958,"sid-0958"
958,/m/vc0959,"sid-0959"
959,/m/vc0960,"sid-0960"
960,/m/vc0961,"sid-0961"
961,/m/vc0962,"sid-0962"
962,/m/vc0963,"sid-0963"
963,/m/vc0964,"sid-0964"
964,/m/vc0965,"sid-0965"
965,/m/vc0966,"sid-0966"
966,/m/vc0967,"sid-0967"
967,/m/vc0968,"sid-0968"
968,/m/vc0969,"sid-0969"
969,/m/vc0970,"sid-0970"
970,/m/vc0971,"sid-0971"
971,/m/vc0972,"sid-0972"
972,/m/vc0973,"sid-0973"
973,/m/vc0974,"sid-0974"
974,/m/vc0975,"sid-0975"
975,/m/vc0976,"sid-0976"
976,/m/vc0977,"sid-0977"
977,/m/vc0978,"sid-0978"
978,/m/vc0979,"sid-0979"
979,/m/vc0980,"sid-0980"
980,/m/vc0981,"sid-0981"
981,/m/vc0982,"sid-0982"
982,/m/vc0983,"sid-0983"
983,/m/vc0984,"sid-0984"
984,/m/vc0985,"sid-0985"
985,/m/vc0986,"sid-0986"
986,/m/vc0987,"sid-0987"
987,/m/vc0988,"sid-0988"
988,/m/vc0989,"sid-0989"
989,/m/vc0990,"sid-0990"
990,/m/vc0991,"sid-0991"
991,/m/vc0992,"sid-0992"
992,/m/vc0993,"sid-0993"
993,/m/vc0994,"sid-0994"
994,/m/vc0995,"sid-0995"
995,/m/vc0996,"sid-0996"
996,/m/vc0997,"sid-0997"
997,/m/vc0998,"sid-0998"
998,/m/vc0999,"sid-0999"
999,/m/vc1000,"sid-1000"
1000,/m/vc1001,"sid-1001"
1001,/m/vc1002,"sid-1002"
1002,/m/vc1003,"sid-1003"
1003,/m/vc1004,"sid-1004"
1004,/m/vc1005,"sid-1005"
1005,/m/vc1006,"sid-1006"
1006,/m/vc1007,"sid-1007"
1007,/m/vc1008,"sid-1008"
1008,/m/vc1009,"sid-1009"
1009,/m/vc1010,"sid-1010"
1010,/m/vc1011,"sid-1011"
1011,/m/vc1012,"sid-1012"
1012,/m/vc1013,"sid-1013"
1013,/m/vc1014,"sid-1014"
1014,/m/vc1015,"sid-1015"
1015,/m/vc1016,"sid-1016"
1016,/m/vc1017,"sid-1017"
1017,/m/vc1018,"sid-1018"
1018,/m/vc1019,"sid-1019"
1019,/m/vc1020,"sid-1020"
1020,/m/vc1021,"sid-1021"
1021,/m/vc1022,"sid-1022"
1022,/m/vc1023,"sid-1023"
1023,/m/vc1024,"sid-1024"
1024,/m/vc1025,"sid-1025"
1025,/m/vc1026,"sid-1026"
1026,/m/vc1027,"sid-1027"
1027,/m/vc1028,"sid-1028"
1028,/m/vc1029,"sid-1029"
1029,/m/vc1030,"sid-1030"
1030,/m/vc1031,"sid-1031"
1031,/m/vc1032,"sid-1032"
1032,/m/vc1033,"sid-1033"
1033,/m/vc1034,"sid-1034"
1034,/m/vc1035,"sid-1035"
1035,/m/vc1036,"sid-1036"
1036,/m/vc1037,"sid-1037"
1037,/m/vc1038,"sid-1038"
1038,/m/vc1039,"sid-1039"
1039,/m/vc1040,"sid-1040"
1040,/m/vc1041,"sid-1041"
1041,/m/vc1042,"sid-1042"
1042,/m/vc1043,"sid-1043"
1043,/m/vc1044,"sid-1044"
1044,/m/vc1045,"sid-1045"
1045,/m/vc1046,"sid-1046"
1046,/m/vc1047,"sid-1047"
1047,/m/vc1048,"sid-1048"
1048,/m/vc1049,"sid-1049"
1049,/m/vc1050,"sid-1050"
1050,/m/vc1051,"sid-1051"
1051,/m/vc1052,"sid-1052"
1052,/m/vc1053,"sid-1053"
1053,/m/vc1054,"sid-1054"
1054,/m/vc1055,"sid-1055"
1055,/m/vc1056,"sid-1056"
1056,/m/vc1057,"sid-1057"
1057,/m/vc1058,"sid-1058"
1058,/m/vc1059,"sid-1059"
1059,/m/vc1060,"sid-1060"
1060,/m/vc1061,"sid-1061"
1061,/m/vc1062,"sid-1062"
1062,/m/vc1063,"sid-1063"
1063,/m/vc1064,"sid-1064"
1064,/m/vc1065,"sid-1065"
1065,/m/vc1066,"sid-1066"
1066,/m/vc1067,"sid-1067"
1067,/m/vc1068,"sid-1068"
1068,/m/vc1069,"sid-1069"
1069,/m/vc1070,"sid-1070"
1070,/m/vc1071,"sid-1071"
1071,/m/vc1072,"sid-1072"
1072,/m/vc1073,"sid-1073"
1073,/m/vc1074,"sid-1074"
1074,/m/vc1075,"sid-1075"
1075,/m/vc1076,"sid-1076"
1076,/m/vc1077,"sid-1077"
1077,/m/vc1078,"sid-1078"
1078,/m/vc1079,"sid-1079"
1079,/m/vc1080,"sid-1080"
1080,/m/vc1081,"sid-1081"
1081,/m/vc1082,"sid-1082"
1082,/m/vc1083,"sid-1083"
1083,/m/vc1084,"sid-1084"
1084,/m/vc1085,"sid-1085"
1085,/m/vc1086,"sid-1086"
1086,/m/vc1087,"sid-1087"
1087,/m/vc1088,"sid-1088"
1088,/m/vc1089,"sid-1089"
1089,/m/vc1090,"sid-1090"
1090,/m/vc1091,"sid-1091"
1091,/m/vc1092,"sid-1092"
1092,/m/vc1093,"sid-1093"
1093,/m/vc1094,"sid-1094"
1094,/m/vc1095,"sid-1095"
1095,/m/vc1096,"sid-1096"
1096,/m/vc1097,"sid-1097"
1097,/m/vc1098,"sid-1098"
1098,/m/vc1099,"sid-1099"
1099,/m/vc1100,"sid-1100"
1100,/m/vc1101,"sid-1101"
1101,/m/vc1102,"sid-1102"
1102,/m/vc1103,"sid-1103"
1103,/m/vc1104,"sid-1104"
1104,/m/vc1105,"sid-1105"
1105,/m/vc1106,"sid-1106"
1106,/m/vc1107,"sid-1107"
1107,/m/vc1108,"sid-1108"
1108,/m/vc1109,"sid-1109"
1109,/m/vc1110,"sid-1110"
1110,/m/vc1111,"sid-1111"
1111,/m/vc1112,"sid-1112"
1112,/m/vc1113,"sid-1113"
1113,/m/vc1114,"sid-1114"
1114,/m/vc1115,"sid-1115"
1115,/m/vc1116,"sid-1116"
1116,/m/vc1117,"sid-1117"
1117,/m/vc1118,"sid-1118"
1118,/m/vc1119,"sid-1119"
1119,/m/vc1120,"sid-1120"
1120,/m/vc1121,"sid-1121"
1121,/m/vc1122,"sid-1122"
1122,/m/vc1123,"sid-1123"
1123,/m/vc1124,"sid-1124"
1124,/m/vc1125,"sid-1125"
1125,/m/vc1126,"sid-1126"
1126,/m/vc1127,"sid-1127"
1127,/m/vc1128,"sid-1128"
1128,/m/vc1129,"sid-1129"
1129,/m/vc1130,"sid-1130"
1130,/m/vc1131,"sid-1131"
1131,/m/vc1132,"sid-1132"
1132,/m/vc1133,"sid-1133"
1133,/m/vc1134,"sid-1134"
1134,/m/vc1135,"sid-1135"
1135,/m/vc1136,"sid-1136"
1136,/m/vc1137,"sid-1137"
1137,/m/vc1138,"sid-1138"
1138,/m/vc1139,"sid-1139"
1139,/m/vc1140,"sid-1140"
1140,/m/vc1141,"sid-1141"
1141,/m/vc1142,"sid-1142"
1142,/m/vc1143,"sid-1143"
1143,/m/vc1144,"sid-1144"
1144,/m/vc1145,"sid-1145"
1145,/m/vc1146,"sid-1146"
1146,/m/vc1147,"sid-1147"
1147,/m/vc1148,"sid-1148"
1148,/m/vc1149,"sid-1149"
1149,/m/vc1150,"sid-1150"
1150,/m/vc1151,"sid-1151"
1151,/m/vc1152,"sid-1152"
1152,/m/vc1153,"sid-1153"
1153,/m/vc1154,"sid-1154"
1154,/m/vc1155,"sid-1155"
1155,/m/vc1156,"sid-1156"
1156,/m/vc1157,"sid-1157"
1157,/m/vc1158,"sid-1158"
1158,/m/vc1159,"sid-1159"
1159,/m/vc1160,"sid-1160"
1160,/m/vc1161,"sid-1161"
1161,/m/vc1162,"sid-1162"
1162,/m/vc1163,"sid-1163"
1163,/m/vc1164,"sid-1164"
1164,/m/vc1165,"sid-1165"
1165,/m/vc1166,"sid-1166"
1166,/m/vc1167,"sid-1167"
1167,/m/vc1168,"sid-1168"
1168,/m/vc1169,"sid-1169"
1169,/m/vc1170,"sid-1170"
1170,/m/vc1171,"sid-1171"
1171,/m/vc1172,"sid-1172"
1172,/m/vc1173,"sid-1173"
1173,/m/vc1174,"sid-1174"
1174,/m/vc1175,"sid-1175"
1175,/m/vc1176,"sid-1176"
1176,/m/vc1177,"sid-1177"
1177,/m/vc1178,"sid-1178"
1178,/m/vc1179,"sid-1179"
1179,/m/vc1180,"sid-1180"
1180,/m/vc1181,"sid-1181"
1181,/m/vc1182,"sid-1182"
1182,/m/vc1183,"sid-1183"
1183,/m/vc1184,"sid-1184"
1184,/m/vc1185,"sid-1185"
1185,/m/vc1186,"sid-1186"
1186,/m/vc1187,"sid-1187"
1187,/m/vc1188,"sid-1188"
1188,/m/vc1189,"sid-1189"
1189,/m/vc1190,"sid-1190"
1190,/m/vc1191,"sid-1191"
1191,/m/vc1192,"sid-1192"
1192,/m/vc1193,"sid-1193"
1193,/m/vc1194,"sid-1194"
1194,/m/vc1195,"sid-1195"
1195,/m/vc1196,"sid-1196"
1196,/m/vc1197,"sid-1197"
1197,/m/vc1198,"sid-1198"
1198,/m/vc1199,"sid-1199"
1199,/m/vc1200,"sid-1200"
1200,/m/vc1201,"sid-1201"
1201,/m/vc1202,"sid-1202"
1202,/m/vc1203,"sid-1203"
1203,/m/vc1204,"sid-1204"
1204,/m/vc1205,"sid-1205"
1205,/m/vc1206,"sid-1206"
1206,/m/vc1207,"sid-1207"
1207,/m/vc1208,"sid-1208"
1208,/m/vc1209,"sid-1209"
1209,/m/vc1210,"sid-1210"
1210,/m/vc1211,"sid-1211"
1211,/m/vc1212,"sid-1212"
1212,/m/vc1213,"sid-1213"
1213,/m/vc1214,"sid-1214"
1214,/m/vc1215,"sid-1215"
1215,/m/vc1216,"sid-1216"
1216,/m/vc1217,"sid-1217"
1217,/m/vc1218,"sid-1218"
1218,/m/vc1219,"sid-1219"
1219,/m/vc1220,"sid-1220"
1220,/m/vc1221,"sid-1221"
1221,/m/vc1222,"sid-1222"
1222,/m/vc1223,"sid-1223"
1223,/m/vc1224,"sid-1224"
1224,/m/vc1225,"sid-1225"
1225,/m/vc1226,"sid-1226"
1226,/m/vc1227,"sid-1227"
1227,/m/vc1228,"sid-1228"
1228,/m/vc1229,"sid-1229"
1229,/m/vc1230,"sid-1230"
1230,/m/vc1231,"sid-1231"
1231,/m/vc1232,"sid-1232"
1232,/m/vc1233,"sid-1233"
1233,/m/vc1234,"sid-1234"
1234,/m/vc1235,"sid-1235"
1235,/m/vc1236,"sid-1236"
1236,/m/vc1237,"sid-1237"
1237,/m/vc1238,"sid-1238"
1238,/m/vc1239,"sid-1239"
1239,/m/vc1240,"sid-1240"
1240,/m/vc1241,"sid-1241"
1241,/m/vc1242,"sid-1242"
1242,/m/vc1243,"sid-1243"
1243,/m/vc1244,"sid-1244"
1244,/m/vc1245,"sid-1245"
1245,/m/vc1246,"sid-1246"
1246,/m/vc1247,"sid-1247"
1247,/m/vc1248,"sid-1248"
1248,/m/vc1249,"sid-1249"
1249,/m/vc1250,"sid-1250"
1250,/m/vc1251,"sid-1251"
1251,/m/vc1252,"sid-1252"
